Date,Cost
2025-01-01,0
2025-01-03,0
2025-01-03,0
2025-01-04,0
2025-01-04,0
2025-01-05,0
2025-01-05,0
2025-01-06,0
2025-01-06,0
2025-01-07,0
2025-01-07,0
2025-01-07,0
2025-01-08,0
2025-01-09,0
2025-01-10,0
2025-01-10,0
2025-01-12,0
2025-01-13,0
2025-01-14,0
2025-01-15,0
2025-01-16,0
2025-01-16,0
2025-01-17,0
2025-01-19,0
2025-01-22,0
2025-01-23,0
2025-01-24,0
2025-01-27,0
2025-01-27,0
2025-01-29,0
2025-01-31,0
2025-02-02,0
2025-02-04,0
2025-02-05,0
2025-02-06,0
2025-02-06,0
2025-02-07,0
2025-02-08,0
2025-02-09,0
2025-02-09,0
2025-02-12,0
2025-02-13,0
2025-02-13,0
2025-02-16,0
2025-02-18,0
2025-02-20,0
2025-02-21,0
2025-02-22,0
2025-02-23,0
2025-03-01,0
2025-03-03,0
2025-03-04,0
2025-03-05,0
2025-03-08,0
2025-03-08,0
2025-03-09,0
2025-03-11,0
2025-03-14,0
2025-03-15,0
2025-03-16,0
2025-03-17,0
2025-03-18,0
2025-03-19,0
2025-03-19,0
2025-03-20,0
2025-03-21,0
2025-03-22,0
2025-03-22,0
2025-03-23,0
2025-03-24,0
2025-03-24,0
2025-03-25,0
2025-03-26,0
2025-03-27,0
2025-03-28,0
2025-03-29,0
2025-03-29,0
2025-03-30,0
2025-04-01,0
2025-04-02,0
2025-04-02,0
2025-04-03,0
2025-04-03,0
2025-04-04,0
2025-04-05,0
2025-04-05,0
2025-04-08,0
2025-04-09,0
2025-04-09,0
2025-04-10,0
2025-04-12,0
2025-04-13,0
2025-04-14,0
2025-04-20,0
2025-04-24,0
2025-04-28,0
2025-04-29,0
2025-05-01,0
2025-05-02,0
2025-05-04,0
2025-05-09,0
2025-05-11,0
2025-05-12,691.81
2025-05-13,693.87
2025-05-14,690.52
2025-05-15,691.75
2025-05-16,686.68
2025-05-17,0
2025-05-17,679.37
2025-05-18,692.99
2025-05-19,0
2025-05-19,692.57
2025-05-20,0
2025-05-20,691.65
2025-05-21,0
2025-05-21,691.23
2025-05-22,690.68
2025-05-23,685.75
2025-05-24,678.13
2025-05-25,695.9
2025-05-26,0
2025-05-26,693.82
2025-05-27,692.6
2025-05-28,690.42
2025-05-29,0
2025-05-29,688.36
2025-05-30,0
2025-05-30,686.3
2025-05-31,675.6
2025-06-01,0
2025-06-02,672.09
2025-06-03,0
2025-06-03,671.23
2025-06-04,0
2025-06-04,665.87
2025-06-05,0
2025-06-05,667.12
2025-06-06,0
2025-06-06,664.91
2025-06-07,0
2025-06-07,654.78
2025-06-08,0
2025-06-08,0
2025-06-08,668.93
2025-06-09,669.11
2025-06-10,668.66
2025-06-11,673
2025-06-12,0
2025-06-12,664.74
2025-06-13,668.95
2025-06-14,648.61
2025-06-15,669.88
2025-06-16,673.25
2025-06-17,667.8
2025-06-18,643.47
2025-06-19,680.03
2025-06-20,0
2025-06-20,667.66
2025-06-20,0
2025-06-21,0
2025-06-21,659.91
2025-06-22,669.05
2025-06-23,0
2025-06-23,673.35
2025-06-24,667.83
2025-06-25,667.82
2025-06-26,667.58
2025-06-27,0
2025-06-27,0
2025-06-27,663.15
2025-06-28,653.22
2025-06-28,0
2025-06-29,0
2025-06-29,670.82
2025-06-30,666
2025-07-01,0
2025-07-02,0
2025-07-02,335.34
2025-07-03,335.84
2025-07-04,332.33
2025-07-05,328.49
2025-07-06,337.68
2025-07-07,672.72
2025-07-08,669.5
2025-07-09,667.88
2025-07-10,666.47
2025-07-11,0
2025-07-11,664.12
2025-07-12,655.31
2025-07-13,0
2025-07-13,672.26
2025-07-14,670.61
2025-07-15,673.48
2025-07-16,666.95
2025-07-17,0
2025-07-17,668.83
2025-07-18,661.98
2025-07-19,647.89
2025-07-20,673.87
2025-07-21,0
2025-07-21,673.69
2025-07-22,669.79
2025-07-23,668.54
2025-07-24,0
2025-07-24,668.01
2025-07-25,660.73
2025-07-26,647.37
2025-07-27,0
2025-07-27,673.26
2025-07-28,675.63
2025-07-29,668.19
2025-07-30,651.61
2025-07-31,0
2025-07-31,0
2025-08-01,0
2025-08-02,0
2025-08-02,0
2025-08-03,0
2025-08-04,0
2025-08-04,0
2025-08-05,0
2025-08-05,923.67
2025-08-06,899.18
2025-08-07,896.88
2025-08-08,894.27
2025-08-09,886
2025-08-10,906.21
2025-08-11,400.51
2025-08-12,0
2025-08-12,403.44
2025-08-12,0
2025-08-13,401.61
2025-08-14,401.05
2025-08-15,400.08
2025-08-16,393.31
2025-08-17,403.02
2025-08-18,0
2025-08-18,403.66
2025-08-19,402.11
2025-08-20,400.91
2025-08-21,401.58
2025-08-22,398.72
2025-08-22,0
2025-08-23,390
2025-08-24,406.94
2025-08-25,400.72
2025-08-26,402.09
2025-08-27,0
2025-08-27,401.77
2025-08-28,0
2025-08-28,400.53
2025-08-29,398.97
2025-08-30,388.98
2025-08-31,0
2025-08-31,403.44
2025-09-01,404.08
2025-09-02,0
2025-09-02,403.63
2025-09-03,403.75
2025-09-04,398.93
2025-09-05,398.06
2025-09-06,388.11
2025-09-07,0
2025-09-07,403.44
2025-09-08,404.96
2025-09-09,403.41
2025-09-10,403.12
2025-09-11,399.22
2025-09-11,141.83
2025-09-12,398.6
2025-09-12,375
2025-09-13,0
2025-09-13,387.25
2025-09-13,375
2025-09-14,404.93
2025-09-14,354.88
2025-09-15,404.56
2025-09-15,242.55
2025-09-16,403.74
2025-09-16,308.15
2025-09-17,0
2025-09-17,399.99
2025-09-17,359.24
2025-09-18,398.97
2025-09-18,242.02
2025-09-19,397.89
2025-09-19,323.74
2025-09-20,389.92
2025-09-20,269.42
2025-09-20,0
2025-09-21,404.47
2025-09-21,361.03
2025-09-22,404.95
2025-09-22,348.27
2025-09-23,405.42
2025-09-23,270.33
2025-09-24,402.99
2025-09-24,309.24
2025-09-25,397.44
2025-09-25,271.42
2025-09-26,917.86
2025-09-26,248.67
2025-09-27,882.14
2025-09-27,291.04
2025-09-28,0
2025-09-28,909.73
2025-09-28,295.56
2025-09-29,911.03
2025-09-29,293.53
2025-09-30,905.58
2025-09-30,336.14
2025-10-01,902.49
2025-10-01,200.68
2025-10-01,692.93
2025-10-02,899.68
2025-10-02,200.58
2025-10-02,691.29
2025-10-02,0
2025-10-03,894.81
2025-10-03,199.55
2025-10-03,787.49
2025-10-04,876.68
2025-10-04,199.19
2025-10-04,628.29
2025-10-05,910.1
2025-10-05,200.23
2025-10-05,707.24
2025-10-06,908.72
2025-10-06,200.44
2025-10-06,41.67
2025-10-06,785.36
2025-10-07,908.24
2025-10-07,200.44
2025-10-07,58.54
2025-10-07,820.93
2025-10-08,0
2025-10-08,0
2025-10-08,903.05
2025-10-08,201.04
2025-10-08,50.21
2025-10-08,116.6
2025-10-09,898.76
2025-10-09,199.66
2025-10-09,49.93
2025-10-09,0
2025-10-10,0
2025-10-10,0
2025-10-10,895.57
2025-10-10,199.29
2025-10-10,50.32
2025-10-10,0
2025-10-11,875.56
2025-10-11,198.9
2025-10-11,49.33
2025-10-11,0
2025-10-12,910.55
2025-10-12,200.51
2025-10-12,50.1
2025-10-12,0
2025-10-13,907.84
2025-10-13,356.32
2025-10-13,49.68
2025-10-13,0
2025-10-14,910.54
2025-10-14,603.6
2025-10-14,50.55
2025-10-14,0
2025-10-15,900.82
2025-10-15,552.54
2025-10-15,12.42
2025-10-15,0
2025-10-16,899.49
2025-10-16,422.57
2025-10-16,0
2025-10-16,0
2025-10-17,895.77
2025-10-17,501.52
2025-10-17,62.24
2025-10-17,0
2025-10-18,874.99
2025-10-18,687.5
2025-10-18,62.5
2025-10-18,0
2025-10-19,0
2025-10-19,909.22
2025-10-19,550.77
2025-10-19,50.48
2025-10-19,0
2025-10-20,909.31
2025-10-20,552.27
2025-10-20,50.11
2025-10-20,0
2025-10-21,906.86
2025-10-21,551.2
2025-10-21,49.9
2025-10-21,0
2025-10-22,906.21
2025-10-22,549.08
2025-10-22,50.28
2025-10-22,0
2025-10-23,902.68
2025-10-23,650.99
2025-10-23,71.83
2025-10-23,0
2025-10-24,892.19
2025-10-24,650.47
2025-10-24,141.7
2025-10-24,0
2025-10-25,0
2025-10-25,873.53
2025-10-25,648.54
2025-10-25,242.34
2025-10-25,0
2025-10-26,908.26
2025-10-26,650.57
2025-10-26,176.01
2025-10-26,0
2025-10-27,0
2025-10-27,0
2025-10-27,908.53
2025-10-27,650.95
2025-10-27,222.94
2025-10-27,0
2025-10-28,904.65
2025-10-28,650.96
2025-10-28,201.75
2025-10-28,0
2025-10-29,903.06
2025-10-29,388.6
2025-10-29,199.98
2025-10-29,0
2025-10-30,899.35
2025-10-30,0
2025-10-30,199.65
2025-10-30,0
2025-10-31,895.22
2025-10-31,0
2025-10-31,199.89
2025-10-31,0
2025-11-01,880.93
2025-11-01,0
2025-11-01,0
2025-11-01,0
2025-11-02,908.71
2025-11-02,0
2025-11-02,0
2025-11-02,0
2025-11-03,907.77
2025-11-03,0
2025-11-03,0
2025-11-03,0
2025-11-04,903.43
2025-11-04,0
2025-11-04,0
2025-11-04,0
2025-11-04,0
2025-11-05,901.1
2025-11-05,0
2025-11-05,0
2025-11-05,0
2025-11-06,901.31
2025-11-06,0
2025-11-06,0
2025-11-07,897.13
2025-11-07,0
2025-11-07,162.9
2025-11-07,0
2025-11-07,0
2025-11-08,0
2025-11-08,0
2025-11-08,880.55
2025-11-08,0
2025-11-08,237.1
2025-11-08,2.83
2025-11-08,0
2025-11-09,0
2025-11-09,908.32
2025-11-09,0
2025-11-09,200.74
2025-11-09,14.77
2025-11-09,0
2025-11-10,906.38
2025-11-10,0
2025-11-10,182
2025-11-10,21.35
2025-11-10,0
2025-11-11,903.43
2025-11-11,0
2025-11-11,217.44
2025-11-11,21.72
2025-11-11,0
2025-11-12,0
2025-11-12,903.74
2025-11-12,0
2025-11-12,60.08
2025-11-12,200.55
2025-11-12,0.02
2025-11-12,36.46
2025-11-12,0
2025-11-13,900.2
2025-11-13,0
2025-11-13,124.84
2025-11-13,200.27
2025-11-13,48.65
2025-11-13,20.76
2025-11-13,0
2025-11-14,896.26
2025-11-14,0
2025-11-14,100.47
2025-11-14,200.62
2025-11-14,48.06
2025-11-14,19.66
2025-11-14,0
2025-11-15,881.67
2025-11-15,0
2025-11-15,113.56
2025-11-15,198.38
2025-11-15,55.49
2025-11-15,15.47
2025-11-15,0
2025-11-16,906.74
2025-11-16,0
2025-11-16,100.05
2025-11-16,200.44
2025-11-16,40.45
2025-11-16,20.8
2025-11-16,0
2025-11-17,906.25
2025-11-17,0
2025-11-17,70.03
2025-11-17,130.09
2025-11-17,50.18
2025-11-17,17.16
2025-11-17,0
2025-11-18,905.55
2025-11-18,0
2025-11-18,70.08
2025-11-18,130.1
2025-11-18,50.27
2025-11-18,16.52
2025-11-18,0
2025-11-19,704.06
2025-11-19,0
2025-11-19,70.13
2025-11-19,130.42
2025-11-19,38.38
2025-11-19,4.65
2025-11-19,0
2025-11-20,704.33
2025-11-20,0
2025-11-20,70.25
2025-11-20,130.11
2025-11-20,51.66
2025-11-20,2.71
2025-11-20,0
2025-11-20,0
2025-11-21,700.51
2025-11-21,0
2025-11-21,70.17
2025-11-21,129.98
2025-11-21,44.06
2025-11-21,0.39
2025-11-21,0
2025-11-22,691.1
2025-11-22,0
2025-11-22,69.34
2025-11-22,129.3
2025-11-22,35.93
2025-11-22,0.55
2025-11-22,0
2025-11-23,705.03
2025-11-23,0
2025-11-23,70.37
2025-11-23,130.54
2025-11-23,38.03
2025-11-23,0.56
2025-11-23,0
2025-11-23,0
2025-11-24,0
2025-11-24,403.12
2025-11-24,0
2025-11-24,70.55
2025-11-24,130.44
2025-11-24,45.38
2025-11-24,0.29
2025-11-24,0
2025-11-25,0
2025-11-25,403.5
2025-11-25,0
2025-11-25,70
2025-11-25,130.57
2025-11-25,38.86
2025-11-25,0.43
2025-11-25,0
2025-11-26,401.55
2025-11-26,0
2025-11-26,134.07
2025-11-26,130.14
2025-11-26,49.86
2025-11-26,0.51
2025-11-26,0
2025-11-27,400.35
2025-11-27,0
2025-11-27,309.38
2025-11-27,129.58
2025-11-27,33.61
2025-11-27,0.83
2025-11-27,0
2025-11-28,398.9
2025-11-28,0
2025-11-28,160.18
2025-11-28,130.11
2025-11-28,36.87
2025-11-28,0.54
2025-11-28,0
2025-11-29,392.58
2025-11-29,0
2025-11-29,89.96
2025-11-29,128.62
2025-11-29,34.81
2025-11-29,0.2
2025-11-29,0
2025-11-30,403.33
2025-11-30,0
2025-11-30,90.37
2025-11-30,128.29
2025-11-30,50.23
2025-11-30,1.83
2025-11-30,0
2025-12-01,403
2025-12-01,0
2025-12-01,90.31
2025-12-01,0
2025-12-01,49.12
2025-12-01,0
2025-12-01,0
2025-12-02,401.62
2025-12-02,0
2025-12-02,90.21
2025-12-02,0
2025-12-02,41.5
2025-12-02,0
2025-12-03,401.67
2025-12-03,0
2025-12-03,89.84
2025-12-03,0
2025-12-03,43.36
2025-12-03,0
2025-12-04,398.83
2025-12-04,0
2025-12-04,90.46
2025-12-04,0
2025-12-04,31.72
2025-12-04,0
2025-12-04,0
2025-12-05,400.27
2025-12-05,0
2025-12-05,89.83
2025-12-05,0
2025-12-05,31.73
2025-12-05,0
2025-12-06,0
2025-12-06,391.28
2025-12-06,0
2025-12-06,88.98
2025-12-06,21.18
2025-12-06,0
2025-12-07,402.06
2025-12-07,0
2025-12-07,90.65
2025-12-07,0
2025-12-07,18.2
2025-12-07,0
2025-12-08,402.93
2025-12-08,0
2025-12-08,90.42
2025-12-08,0
2025-12-08,27.3
2025-12-08,0
2025-12-09,401.88
2025-12-09,0
2025-12-09,90.3
2025-12-09,0
2025-12-09,19.2
2025-12-09,0
2025-12-10,400.17
2025-12-10,0
2025-12-10,90.11
2025-12-10,0
2025-12-10,7.54
2025-12-10,0
2025-12-11,0
2025-12-11,398.57
2025-12-11,0
2025-12-11,89.69
2025-12-11,287.67
2025-12-11,231.78
2025-12-11,19.78
2025-12-11,0.03
2025-12-11,0
2025-12-12,0
2025-12-12,397.76
2025-12-12,0
2025-12-12,89.55
2025-12-12,313.25
2025-12-12,368.9
2025-12-12,37.43
2025-12-12,1.44
2025-12-12,0
2025-12-13,396.63
2025-12-13,0
2025-12-13,89.28
2025-12-13,299.08
2025-12-13,299.32
2025-12-13,37.46
2025-12-13,1.18
2025-12-13,0
2025-12-14,400.7
2025-12-14,0
2025-12-14,90.37
2025-12-14,300.69
2025-12-14,300.64
2025-12-14,31
2025-12-14,1.95
2025-12-14,0
2025-12-15,400.78
2025-12-15,0
2025-12-15,90.27
2025-12-15,300.9
2025-12-15,301.57
2025-12-15,41.88
2025-12-15,1.5
2025-12-15,0
2025-12-15,272.2
2025-12-16,400.77
2025-12-16,0
2025-12-16,109.91
2025-12-16,299.49
2025-12-16,299.91
2025-12-16,41.87
2025-12-16,1.53
2025-12-16,0
2025-12-16,375
2025-12-17,400.12
2025-12-17,0
2025-12-17,130.42
2025-12-17,300.35
2025-12-17,300.07
2025-12-17,43.63
2025-12-17,0.87
2025-12-17,0
2025-12-17,259.85
2025-12-18,399.89
2025-12-18,0
2025-12-18,120.17
2025-12-18,300.1
2025-12-18,299.73
2025-12-18,48.25
2025-12-18,1.26
2025-12-18,0
2025-12-18,275.2
2025-12-19,400.41
2025-12-19,0
2025-12-19,119.9
2025-12-19,299.66
2025-12-19,299.45
2025-12-19,47.04
2025-12-19,3.35
2025-12-19,0
2025-12-19,23.16
2025-12-20,397.33
2025-12-20,0
2025-12-20,119.6
2025-12-20,298.76
2025-12-20,298.63
2025-12-20,44.03
2025-12-20,2.36
2025-12-20,0
2025-12-20,0
2025-12-21,401.58
2025-12-21,0
2025-12-21,120.17
2025-12-21,300.47
2025-12-21,301.14
2025-12-21,34.45
2025-12-21,1.94
2025-12-21,0
2025-12-21,0
2025-12-22,0
2025-12-22,200.08
2025-12-22,0
2025-12-22,120.11
2025-12-22,300.4
2025-12-22,300.06
2025-12-22,42.07
2025-12-22,1.75
2025-12-22,0
2025-12-22,0
2025-12-23,200.33
2025-12-23,0
2025-12-23,120.26
2025-12-23,300.67
2025-12-23,300.83
2025-12-23,35.03
2025-12-23,0.84
2025-12-23,0
2025-12-23,0
2025-12-23,0
2025-12-24,200.17
2025-12-24,0
2025-12-24,119.99
2025-12-24,300.77
2025-12-24,302.02
2025-12-24,36.67
2025-12-24,0.51
2025-12-24,0
2025-12-24,0
2025-12-25,200.28
2025-12-25,0
2025-12-25,120.18
2025-12-25,299.66
2025-12-25,298.86
2025-12-25,47.7
2025-12-25,0.63
2025-12-25,0
2025-12-25,0
2025-12-25,0
2025-12-26,200.33
2025-12-26,0
2025-12-26,119.8
2025-12-26,309.56
2025-12-26,298.93
2025-12-26,40.08
2025-12-26,0
2025-12-26,0
2025-12-26,0
2025-12-27,0
2025-12-27,0
2025-12-27,198.81
2025-12-27,0
2025-12-27,119.49
2025-12-27,288.37
2025-12-27,298.16
2025-12-27,32.85
2025-12-27,0
2025-12-27,0
2025-12-28,200.54
2025-12-28,0
2025-12-28,120.21
2025-12-28,300.62
2025-12-28,300.64
2025-12-28,26.67
2025-12-28,0
2025-12-28,0
2025-12-28,0
2025-12-29,200.7
2025-12-29,0
2025-12-29,120.33
2025-12-29,300.39
2025-12-29,300.28
2025-12-29,31.7
2025-12-29,0
2025-12-29,0
2025-12-30,200.19
2025-12-30,0
2025-12-30,119.87
2025-12-30,300.51
2025-12-30,300.25
2025-12-30,30.6
2025-12-30,0
2025-12-30,0
2025-12-30,0
2025-12-31,200.29
2025-12-31,0
2025-12-31,119.97
2025-12-31,286.17
2025-12-31,294.99
2025-12-31,40.66
2025-12-31,0
2025-12-31,0
2026-01-01,199.86
2026-01-01,0
2026-01-01,120.22
2026-01-01,0
2026-01-01,0
2026-01-01,0
2026-01-01,0
2026-01-01,0
2026-01-02,200.53
2026-01-02,0
2026-01-02,119.9
2026-01-02,0
2026-01-02,0
2026-01-02,0
2026-01-02,0
2026-01-02,0
2026-01-02,0
2026-01-03,197.89
2026-01-03,0
2026-01-03,119.5
2026-01-03,0
2026-01-03,0
2026-01-03,0
2026-01-03,0
2026-01-03,0
2026-01-03,0
2026-01-04,200.55
2026-01-04,0
2026-01-04,120.22
2026-01-04,0
2026-01-04,0
2026-01-04,0
2026-01-04,0
2026-01-04,0
2026-01-04,0
2026-01-05,200.26
2026-01-05,0
2026-01-05,120.33
2026-01-05,0
2026-01-05,0
2026-01-05,0
2026-01-05,0
2026-01-05,0
2026-01-05,0
2026-01-06,200.26
2026-01-06,0
2026-01-06,120.57
2026-01-06,0
2026-01-06,0
2026-01-06,0
2026-01-06,0
2026-01-06,0
2026-01-06,0
2026-01-07,200.27
2026-01-07,0
2026-01-07,120.18
2026-01-07,0
2026-01-07,0
2026-01-07,0
2026-01-07,0
2026-01-07,0
2026-01-07,0
2026-01-08,200.26
2026-01-08,0
2026-01-08,119.88
2026-01-08,0
2026-01-08,0
2026-01-08,0
2026-01-08,0
2026-01-08,0
2026-01-08,0
2026-01-09,0
2026-01-09,199.75
2026-01-09,0
2026-01-09,119.8
2026-01-09,0
2026-01-09,0
2026-01-09,0
2026-01-09,0
2026-01-09,0
2026-01-09,0
2026-01-10,198.65
2026-01-10,0
2026-01-10,119.02
2026-01-10,0
2026-01-10,0
2026-01-10,0
2026-01-10,0
2026-01-10,0
2026-01-10,0
2026-01-11,0
2026-01-11,200.41
2026-01-11,0
2026-01-11,120.28
2026-01-11,0
2026-01-11,0
2026-01-11,0
2026-01-11,0
2026-01-11,0
2026-01-12,200.84
2026-01-12,0
2026-01-12,120.32
2026-01-12,0
2026-01-12,0
2026-01-12,0
2026-01-12,0
2026-01-12,0
2026-01-12,0
2026-01-13,199.79
2026-01-13,0
2026-01-13,120.31
2026-01-13,0
2026-01-13,0
2026-01-13,0
2026-01-13,0
2026-01-13,0
2026-01-14,200.03
2026-01-14,0
2026-01-14,120.11
2026-01-14,0
2026-01-14,0
2026-01-14,0
2026-01-14,0
2026-01-14,0
2026-01-14,0
2026-01-15,200.2
2026-01-15,0
2026-01-15,226.74
2026-01-15,0
2026-01-15,0
2026-01-15,0
2026-01-15,0
2026-01-15,0
2026-01-16,199.66
2026-01-16,0
2026-01-16,217.72
2026-01-16,0
2026-01-16,0
2026-01-16,0
2026-01-16,0
2026-01-16,0
2026-01-17,199.07
2026-01-17,0
2026-01-17,215.54
2026-01-17,0
2026-01-17,0
2026-01-17,0
2026-01-17,0
2026-01-17,0
2026-01-18,200.56
2026-01-18,0
2026-01-18,221.33
2026-01-18,0
2026-01-18,0
2026-01-18,0
2026-01-18,0
2026-01-19,200.24
2026-01-19,0
2026-01-19,220
2026-01-19,0
2026-01-19,0
2026-01-19,0
2026-01-19,0
2026-01-20,200.14
2026-01-20,0
2026-01-20,220.5
2026-01-20,0
2026-01-20,0
2026-01-20,0
2026-01-20,0
2026-01-21,200.14
2026-01-21,0
2026-01-21,221.24
2026-01-21,0
2026-01-21,0
2026-01-21,0
2026-01-21,0
2026-01-22,200.2
2026-01-22,0
2026-01-22,220.26
2026-01-22,0
2026-01-22,0
2026-01-22,0
2026-01-22,0
2026-01-23,199.94
2026-01-23,0
2026-01-23,218.85
2026-01-23,0
2026-01-23,0
2026-01-23,0
2026-01-23,0
2026-01-23,0
2026-01-24,198.78
2026-01-24,0
2026-01-24,217.82
2026-01-24,0
2026-01-24,0
2026-01-24,0
2026-01-25,200.49
2026-01-25,227.49
2026-01-25,0
2026-01-25,0
2026-01-25,0
2026-01-26,200.4
2026-01-26,0
2026-01-26,206.05
2026-01-26,0
2026-01-26,0
2026-01-26,0
2026-01-27,200.29
2026-01-27,0
2026-01-27,521.22
2026-01-27,0
2026-01-27,0
2026-01-27,0
2026-01-27,0
2026-01-28,200.18
2026-01-28,0
2026-01-28,517.84
2026-01-28,0
2026-01-28,0
2026-01-28,0
2026-01-28,0
2026-01-29,200.27
2026-01-29,0
2026-01-29,520.12
2026-01-29,0
2026-01-29,0
2026-01-29,0
2026-01-29,0
2026-01-30,199.72
2026-01-30,0
2026-01-30,523.64
2026-01-30,0
2026-01-30,0
2026-01-30,0
2026-01-31,0
2026-01-31,198.42
2026-01-31,0
2026-01-31,516.15
2026-01-31,0
2026-01-31,0
2026-01-31,0
2026-02-01,200.48
2026-02-01,0
2026-02-01,522.97
2026-02-01,0
2026-02-01,0
2026-02-01,0
2026-02-01,0
2026-02-02,201.01
2026-02-02,0
2026-02-02,520.02
2026-02-02,0
2026-02-02,0
2026-02-02,0
2026-02-02,0
2026-02-02,0
2026-02-03,200.06
2026-02-03,0
2026-02-03,521.69
2026-02-03,0
2026-02-03,0
2026-02-03,0
2026-02-03,0
2026-02-04,200.6
2026-02-04,0
2026-02-04,320.38
2026-02-04,0
2026-02-04,0
2026-02-04,0
2026-02-04,0
2026-02-05,199.82
2026-02-05,0
2026-02-05,320.37
2026-02-05,0
2026-02-05,0
2026-02-05,0
2026-02-05,0
2026-02-06,199.93
2026-02-06,0
2026-02-06,320.93
2026-02-06,0
2026-02-06,0
2026-02-06,0
2026-02-06,0
2026-02-07,198.1
2026-02-07,0
2026-02-07,318.32
2026-02-07,0
2026-02-07,0
2026-02-07,0
2026-02-08,200.71
2026-02-08,0
2026-02-08,320.97
2026-02-08,0
2026-02-08,0
2026-02-08,0
2026-02-08,0
2026-02-09,200.35
2026-02-09,0
2026-02-09,320.22
2026-02-09,0
2026-02-09,0
2026-02-09,0
2026-02-09,0
2026-02-09,0
2026-02-10,200.45
2026-02-10,0
2026-02-10,321.5
2026-02-10,0
2026-02-10,0
2026-02-10,0
2026-02-10,0
2026-02-10,0
2026-02-11,200.22
2026-02-11,0
2026-02-11,320.02
2026-02-11,0
2026-02-11,0
2026-02-11,0
2026-02-11,0
2026-02-12,200.1
2026-02-12,0
2026-02-12,317.89
2026-02-12,0
2026-02-12,0
2026-02-12,0
2026-02-12,0
2026-02-13,199.61
2026-02-13,0
2026-02-13,321.67
2026-02-13,0
2026-02-13,0
2026-02-13,0
2026-02-13,0
2026-02-14,198.56
2026-02-14,0
2026-02-14,317.73
2026-02-14,0
2026-02-14,0
2026-02-14,0
2026-02-14,0
2026-02-14,0
2026-02-15,200.6
2026-02-15,0
2026-02-15,323.11
2026-02-15,0
2026-02-15,0
2026-02-15,0
2026-02-16,200.34
2026-02-16,0
2026-02-16,321.21
2026-02-16,0
2026-02-16,0
2026-02-16,0
2026-02-17,200.19
2026-02-17,0
2026-02-17,321.31
2026-02-17,0
2026-02-17,0
2026-02-17,0
2026-02-18,200.22
2026-02-18,0
2026-02-18,323.8
2026-02-18,0
2026-02-18,0
2026-02-18,0
2026-02-19,0
2026-02-19,200.05
2026-02-19,0
2026-02-19,317.45
2026-02-19,0
2026-02-19,0
2026-02-19,0
2026-02-19,0
2026-02-20,199.6
2026-02-20,0
2026-02-20,317.52
2026-02-20,0
2026-02-20,0
2026-02-20,0
2026-02-20,0
2026-02-20,0
2026-02-21,199
2026-02-21,0
2026-02-21,315.43
2026-02-21,0
2026-02-21,0
2026-02-21,0
2026-02-22,201.07
2026-02-22,0
2026-02-22,319.87
2026-02-22,0
2026-02-22,0
2026-02-22,0
2026-02-23,200
2026-02-23,0
2026-02-23,321.51
2026-02-23,0
2026-02-23,0
2026-02-23,0
2026-02-24,200.36
2026-02-24,433.18
2026-02-24,0
2026-02-24,184.83
2026-02-24,0
2026-02-24,0
2026-02-24,0
2026-02-25,200.38
2026-02-25,749.39
2026-02-25,0
2026-02-25,186.08
2026-02-25,0
2026-02-25,0
2026-02-25,0
2026-02-25,0
2026-02-26,200.05
2026-02-26,679.04
2026-02-26,0
2026-02-26,186.04
2026-02-26,0
2026-02-26,0
2026-02-26,0
2026-02-26,0
2026-02-27,199.44
2026-02-27,621.13
2026-02-27,0
2026-02-27,184.41
2026-02-27,0
2026-02-27,0
2026-02-27,0
2026-02-27,0
2026-02-28,198.7
2026-02-28,617.26
2026-02-28,0
2026-02-28,183.64
2026-02-28,0
2026-02-28,0
2026-02-28,0
2026-03-01,200.92
2026-03-01,615.73
2026-03-01,0
2026-03-01,186.13
2026-03-01,0
2026-03-01,0
2026-03-01,0
2026-03-02,200.94
2026-03-02,246.92
2026-03-02,0
2026-03-02,157.66
2026-03-02,0
2026-03-02,0
2026-03-02,0
2026-03-02,0
2026-03-03,200.3
2026-03-03,120.06
2026-03-03,0
2026-03-03,212.01
2026-03-03,0
2026-03-03,0
2026-03-03,0
2026-03-04,200.19
2026-03-04,120.06
2026-03-04,0
2026-03-04,105.05
2026-03-04,0
2026-03-04,0
2026-03-04,0
2026-03-04,0
2026-03-04,0
2026-03-05,200.17
2026-03-05,120.18
2026-03-05,0
2026-03-05,105.43
2026-03-05,0
2026-03-05,0
2026-03-05,0
2026-03-05,0
2026-03-05,0
2026-03-06,198.94
2026-03-06,119.92
2026-03-06,0
2026-03-06,104.99
2026-03-06,0
2026-03-06,0
2026-03-06,0
2026-03-07,198.54
2026-03-07,119.34
2026-03-07,0
2026-03-07,104.53
2026-03-07,0
2026-03-07,0
2026-03-07,0
2026-03-07,0
2026-03-08,200.46
2026-03-08,120.28
2026-03-08,0
2026-03-08,105.65
2026-03-08,0
2026-03-08,0
2026-03-08,0
2026-03-08,0
2026-03-09,200.43
2026-03-09,120.22
2026-03-09,0
2026-03-09,105.85
2026-03-09,0
2026-03-09,0
2026-03-09,0
2026-03-09,0
2026-03-09,0
2026-03-10,200.35
2026-03-10,120.19
2026-03-10,0
2026-03-10,104.88
2026-03-10,0
2026-03-10,0
2026-03-10,0
2026-03-10,0
2026-03-11,200.09
2026-03-11,120.12
2026-03-11,0
2026-03-11,105.31
2026-03-11,0
2026-03-11,0
2026-03-11,0
2026-03-12,200.58
2026-03-12,119.94
2026-03-12,0
2026-03-12,104.74
2026-03-12,0
2026-03-12,0
2026-03-12,0
2026-03-12,0
2026-03-13,199.48
2026-03-13,119.91
2026-03-13,0
2026-03-13,104.73
2026-03-13,0
2026-03-13,0
2026-03-13,0
2026-03-13,0
2026-03-13,0
2026-03-13,0
2026-03-14,198.61
2026-03-14,119.34
2026-03-14,0
2026-03-14,103.84
2026-03-14,0
2026-03-14,0
2026-03-14,0
2026-03-14,0
2026-03-15,200.84
2026-03-15,120.19
2026-03-15,0
2026-03-15,105.46
2026-03-15,0
2026-03-15,0
2026-03-15,0
2026-03-15,0
2026-03-16,0
2026-03-16,200.43
2026-03-16,120.17
2026-03-16,0
2026-03-16,105.6
2026-03-16,0
2026-03-16,0
2026-03-16,0
2026-03-16,0
2026-03-17,200.05
2026-03-17,120.24
2026-03-17,0
2026-03-17,85.25
2026-03-17,0
2026-03-17,0
2026-03-17,0
2026-03-17,0
2026-03-17,0
2026-03-18,200.35
2026-03-18,120.06
2026-03-18,0
2026-03-18,85.58
2026-03-18,0
2026-03-18,0
2026-03-18,0
2026-03-18,0
2026-03-19,199.91
2026-03-19,120.05
2026-03-19,0
2026-03-19,84.94
2026-03-19,0
2026-03-19,0
2026-03-19,0
2026-03-19,0
2026-03-20,199.57
2026-03-20,119.79
2026-03-20,0
2026-03-20,85.1
2026-03-20,0
2026-03-20,0
2026-03-20,0
2026-03-20,0
2026-03-21,198.85
2026-03-21,119.5
2026-03-21,0
2026-03-21,84.13
2026-03-21,0
2026-03-21,0
2026-03-21,0
2026-03-22,200.48
2026-03-22,120.16
2026-03-22,0
2026-03-22,85.32
2026-03-22,0
2026-03-22,0
2026-03-22,0
2026-03-22,0
2026-03-23,200.64
2026-03-23,120.2
2026-03-23,0
2026-03-23,85.63
2026-03-23,0
2026-03-23,0
2026-03-23,0
2026-03-23,0
2026-03-24,200.28
2026-03-24,120.11
2026-03-24,0
2026-03-24,85.27
2026-03-24,0
2026-03-24,0
2026-03-24,0
2026-03-24,0
2026-03-24,0
2026-03-25,121.81
2026-03-25,120.08
2026-03-25,0
2026-03-25,84.82
2026-03-25,0
2026-03-25,0
2026-03-25,0
2026-03-25,0
2026-03-26,0
2026-03-26,163.39
2026-03-26,0
2026-03-26,31.2
2026-03-26,0
2026-03-26,0
2026-03-26,0
2026-03-27,0
2026-03-27,177.51
2026-03-27,0
2026-03-27,0
2026-03-27,0
2026-03-27,0
2026-03-27,0
2026-03-28,0
2026-03-28,168.55
2026-03-28,0
2026-03-28,0
2026-03-28,0
2026-03-28,0
2026-03-28,0
2026-03-29,0
2026-03-29,170.23
2026-03-29,0
2026-03-29,0
2026-03-29,0
2026-03-29,0
2026-03-29,0
2026-03-30,0
2026-03-30,170.26
2026-03-30,0
2026-03-30,0
2026-03-30,0
2026-03-30,0
2026-03-30,0
2026-03-30,0