"ds","y","spend_total","is_working_day","weekday_iso","month_num","day_of_month","week_of_month","eh_feriado","nome_feriado","valor_vendas","dupla","uno"
"2025-01-01",212,2929.85,0,3,1,1,1,1,Confraternização Universal,4078.8000,0,0
"2025-01-02",4687,3813.106486,1,4,1,2,1,0,,87614.0100,0,0
"2025-01-03",5830,4061.636651,1,5,1,3,1,0,,90900.4800,0,0
"2025-01-04",1952,3897.6565299999993,0,6,1,4,1,0,,31864.0100,0,0
"2025-01-05",397,4018.8827850000034,0,7,1,5,1,0,,7446.9000,0,0
"2025-01-06",8922,4376.402531,1,1,1,6,1,0,,130364.7700,0,0
"2025-01-07",8350,3950.538938999999,1,2,1,7,1,0,,135342.3400,0,0
"2025-01-08",8948,4161.490986000002,1,3,1,8,2,0,,132922.8600,0,0
"2025-01-09",8062,4081.7740180000037,1,4,1,9,2,0,,125477.5600,0,0
"2025-01-10",7137,4285.247307999996,1,5,1,10,2,0,,97687.1800,0,0
"2025-01-11",2317,4038.4752470000008,0,6,1,11,2,0,,32918.4200,0,0
"2025-01-12",473,4251.629489000003,0,7,1,12,2,0,,9084.6000,0,0
"2025-01-13",9297,4223.8486500000035,1,1,1,13,2,0,,129529.0400,0,0
"2025-01-14",7817,4232.874211999999,1,2,1,14,2,0,,112764.0733,0,0
"2025-01-15",8079,4057.0124280000005,1,3,1,15,3,0,,106296.8575,0,0
"2025-01-16",7381,4151.677459000006,1,4,1,16,3,0,,95231.0100,0,0
"2025-01-17",6520,4097.7373579999985,1,5,1,17,3,0,,80492.4300,0,0
"2025-01-18",1987,4152.544848000009,0,6,1,18,3,0,,26276.0200,0,0
"2025-01-19",390,4363.095249000007,0,7,1,19,3,0,,6334.5000,0,0
"2025-01-20",9094,4575.766189000009,1,1,1,20,3,0,,141435.4600,0,1
"2025-01-21",8011,4162.2459069999995,1,2,1,21,3,0,,127666.1600,0,1
"2025-01-22",8376,4199.919792000003,1,3,1,22,4,0,,129226.6800,0,1
"2025-01-23",7715,4168.712094999999,1,4,1,23,4,0,,115074.8500,0,1
"2025-01-24",7002,4628.079956000003,1,5,1,24,4,0,,75206.4100,0,0
"2025-01-25",2136,4632.061124000003,0,6,1,25,4,0,,25368.9000,0,0
"2025-01-26",389,4800.574260999995,0,7,1,26,4,0,,6210.9000,0,0
"2025-01-27",8710,5188.377365,1,1,1,27,4,0,,104403.4900,0,0
"2025-01-28",7782,4658.463575000008,1,2,1,28,4,0,,82963.7350,0,0
"2025-01-29",5510,4329.835455000006,1,3,1,29,5,0,,58895.6800,0,0
"2025-01-30",31033,4367.864221000008,1,4,1,30,5,0,,76.3600,1,0
"2025-01-31",23782,4474.416512000004,1,5,1,31,5,0,,61.8000,1,0
"2025-02-01",1443,4581.424463000004,0,6,2,1,1,0,,20818.0057,0,0
"2025-02-02",347,4526.712840000002,0,7,2,2,1,0,,5901.9000,0,0
"2025-02-03",6759,5085.275589000009,1,1,2,3,1,0,,106151.6900,0,0
"2025-02-04",6415,4704.201456000007,1,2,2,4,1,0,,96659.2700,0,0
"2025-02-05",6773,4462.470408000005,1,3,2,5,1,0,,96967.9700,0,0
"2025-02-06",7106,4577.327507000004,1,4,2,6,1,0,,99840.3000,0,0
"2025-02-07",7181,4365.951095,1,5,2,7,1,0,,91487.8100,0,0
"2025-02-08",2251,4773.529288000002,0,6,2,8,2,0,,30873.2800,0,0
"2025-02-09",462,4769.958991000003,0,7,2,9,2,0,,7817.7000,0,0
"2025-02-10",8953,4883.671002000007,1,1,2,10,2,0,,125583.3100,0,0
"2025-02-11",7777,4768.453091000002,1,2,2,11,2,0,,111167.9000,0,0
"2025-02-12",7759,4743.490252000004,1,3,2,12,2,0,,101944.7800,0,0
"2025-02-13",7268,4750.924792000001,1,4,2,13,2,0,,86734.1000,0,0
"2025-02-14",7379,4656.324156999998,1,5,2,14,2,0,,62216.2567,0,0
"2025-02-15",2877,4887.463152000005,0,6,2,15,3,0,,25204.2300,0,0
"2025-02-16",446,5011.461392000006,0,7,2,16,3,0,,6983.4000,0,0
"2025-02-17",9018,4921.256585000004,1,1,2,17,3,0,,111789.4900,0,0
"2025-02-18",7343,4832.805065000004,1,2,2,18,3,0,,95404.8700,0,0
"2025-02-19",7681,4702.877606000002,1,3,2,19,3,0,,95821.8600,0,0
"2025-02-20",7697,4659.439447000003,1,4,2,20,3,0,,87526.2643,0,0
"2025-02-21",6139,4615.439343000005,1,5,2,21,3,0,,65509.3400,0,0
"2025-02-22",1703,4819.606572000006,0,6,2,22,4,0,,21679.1000,0,0
"2025-02-23",369,4760.724528000007,0,7,2,23,4,0,,5747.4000,0,0
"2025-02-24",15777,4968.493122000002,1,1,2,24,4,0,,208149.5400,0,1
"2025-02-25",11838,4851.704436000001,1,2,2,25,4,0,,159434.7600,0,1
"2025-02-26",13219,4796.921931999999,1,3,2,26,4,0,,175152.0700,0,1
"2025-02-27",10243,4278.403640999999,1,4,2,27,4,0,,126885.2700,0,1
"2025-02-28",10708,4260.526759,1,5,2,28,4,0,,134527.7300,0,1
"2025-03-01",1118,3604.414675000003,0,6,3,1,1,0,,16596.8000,0,0
"2025-03-02",489,3816.9536430000053,0,7,3,2,1,0,,4542.3000,0,0
"2025-03-03",2051,3886.087775,1,1,3,3,1,0,,29668.1700,0,0
"2025-03-04",1051,3755.3159570000034,1,2,3,4,1,0,,11807.7000,0,0
"2025-03-05",4992,3824.3211950000027,1,3,3,5,1,0,,69553.7200,0,0
"2025-03-06",7095,3588.834324000004,1,4,3,6,1,0,,96712.3600,0,0
"2025-03-07",7579,3776.328154000002,1,5,3,7,1,0,,95502.7500,0,0
"2025-03-08",2578,3729.6629260000027,0,6,3,8,2,0,,31155.9700,0,0
"2025-03-09",676,3770.4684910000014,0,7,3,9,2,0,,9826.2000,0,0
"2025-03-10",9482,3965.011949000004,1,1,3,10,2,0,,132516.2900,0,0
"2025-03-11",6104,3824.5336140000018,1,2,3,11,2,0,,85565.3900,0,0
"2025-03-12",30436,3689.5946490000056,1,3,3,12,2,0,,602.9200,1,0
"2025-03-13",19083,3540.1745740000065,1,4,3,13,2,0,,854.0600,1,0
"2025-03-14",17578,3628.9144210000004,1,5,3,14,2,0,,896.0700,1,0
"2025-03-15",10617,3703.021594000002,0,6,3,15,3,0,,530.2100,1,0
"2025-03-16",749,3689.315130000003,0,7,3,16,3,0,,8219.4000,0,0
"2025-03-17",7903,3891.7275119999995,1,1,3,17,3,0,,106012.1400,0,0
"2025-03-18",7392,3713.390524,1,2,3,18,3,0,,98457.3600,0,0
"2025-03-19",6663,3571.991443000004,1,3,3,19,3,0,,87257.3000,0,0
"2025-03-20",7913,3514.3670240000006,1,4,3,20,3,0,,85013.5700,0,0
"2025-03-21",6700,3658.8493569999964,1,5,3,21,3,0,,75646.9400,0,0
"2025-03-22",2135,3568.2916980000027,0,6,3,22,4,0,,27665.3200,0,0
"2025-03-23",337,3674.129811999999,0,7,3,23,4,0,,6828.9000,0,0
"2025-03-24",8556,3980.2615130000013,1,1,3,24,4,0,,99140.1950,0,0
"2025-03-25",7619,3877.2096339999994,1,2,3,25,4,0,,86474.1400,0,0
"2025-03-26",7966,3724.8649980000027,1,3,3,26,4,0,,74446.2117,0,0
"2025-03-27",7775,3681.8315620000017,1,4,3,27,4,0,,65224.8400,0,0
"2025-03-28",7926,3603.2605570000055,1,5,3,28,4,0,,54361.1800,0,0
"2025-03-29",3073,3532.690926999999,0,6,3,29,5,0,,19239.0700,0,0
"2025-03-30",449,3654.649696000001,0,7,3,30,5,0,,3399.0000,0,0
"2025-03-31",11110,4865.059377000004,1,1,3,31,5,0,,74915.5975,0,0
"2025-04-01",6763,3933.116812000002,1,2,4,1,1,0,,96116.0200,0,0
"2025-04-02",7263,3788.2897860000026,1,3,4,2,1,0,,105055.6100,0,0
"2025-04-03",7529,3604.3852400000023,1,4,4,3,1,0,,99385.3300,0,0
"2025-04-04",7263,3713.7058150000003,1,5,4,4,1,0,,90633.1100,0,0
"2025-04-05",2891,3822.781999,0,6,4,5,1,0,,38884.4100,0,0
"2025-04-06",491,3790.2057150000005,0,7,4,6,1,0,,8064.9000,0,0
"2025-04-07",10332,4046.0190479999997,1,1,4,7,1,0,,133307.2300,0,0
"2025-04-08",8965,4085.951949,1,2,4,8,2,0,,122234.2900,0,0
"2025-04-09",9357,3823.254420000003,1,3,4,9,2,0,,112274.9600,0,0
"2025-04-10",8401,3823.7315080000085,1,4,4,10,2,0,,99311.8533,0,0
"2025-04-11",7776,3775.82561000001,1,5,4,11,2,0,,82991.9800,0,0
"2025-04-12",2734,3989.640370000005,0,6,4,12,2,0,,34895.2800,0,0
"2025-04-13",508,3959.6465710000066,0,7,4,13,2,0,,7601.4000,0,0
"2025-04-14",9098,4745.258333000007,1,1,4,14,2,0,,106913.9300,0,0
"2025-04-15",7787,3911.8178430000057,1,2,4,15,3,0,,99403.2450,0,0
"2025-04-16",6476,3811.2263520000056,1,3,4,16,3,0,,77540.3100,0,0
"2025-04-17",4512,3811.018442000009,1,4,4,17,3,0,,49382.3000,0,0
"2025-04-18",454,3673.468213000014,0,5,4,18,3,1,Sexta-feira da Paixão,6365.4000,0,0
"2025-04-19",1358,3707.814495000008,0,6,4,19,3,0,,13843.2000,0,0
"2025-04-20",448,4088.8297530000036,0,7,4,20,3,0,,4542.3000,0,0
"2025-04-21",672,4110.671663000012,0,1,4,21,3,1,Tiradentes,9548.1000,0,0
"2025-04-22",33515,3879.879590000003,1,2,4,22,4,0,,868.4100,1,0
"2025-04-23",21445,4023.780289000004,1,3,4,23,4,0,,637.6400,1,0
"2025-04-24",20077,3919.2356850000047,1,4,4,24,4,0,,663.8200,1,0
"2025-04-25",17966,3637.4668670000087,1,5,4,25,4,0,,566.0200,1,0
"2025-04-26",17275,4058.8817630000017,0,6,4,26,4,0,,339.9000,1,0
"2025-04-27",4857,3750.660277000009,0,7,4,27,4,0,,66.7100,1,0
"2025-04-28",25191,4391.631422000005,1,1,4,28,4,0,,618.0000,1,0
"2025-04-29",16514,4239.943756000008,1,2,4,29,5,0,,529.3100,0,0
"2025-04-30",25514,3734.4254630000164,1,3,4,30,5,0,,957.9000,0,0
"2025-05-01",813,3717.6012390000074,0,4,5,1,1,1,Dia do Trabalho,11680.2000,0,0
"2025-05-02",4889,3683.4309050000093,1,5,5,2,1,0,,72351.9100,0,0
"2025-05-03",2157,4074.8521850000106,0,6,5,3,1,0,,33611.6500,0,0
"2025-05-04",648,4108.889523000002,0,7,5,4,1,0,,12823.5000,0,0
"2025-05-05",8906,4172.628091000008,1,1,5,5,1,0,,124765.6900,0,0
"2025-05-06",8028,3922.6771470000103,1,2,5,6,1,0,,118444.8700,0,0
"2025-05-07",8286,3943.4994670000096,1,3,5,7,1,0,,117583.6533,0,0
"2025-05-08",8345,3922.5885500000095,1,4,5,8,2,0,,111168.2500,0,0
"2025-05-09",6068,3750.8642420000097,1,5,5,9,2,0,,77223.0900,0,0
"2025-05-10",3139,3830.326326000008,0,6,5,10,2,0,,19929.6000,0,1
"2025-05-11",1388,3981.8432210000065,0,7,5,11,2,0,,30.9000,0,1
"2025-05-12",17036,4207.58079500001,1,1,5,12,2,0,,1369.6000,0,1
"2025-05-13",13713,3944.106511000006,1,2,5,13,2,0,,683.9600,0,1
"2025-05-14",12203,3846.0989320000062,1,3,5,14,2,0,,550.0100,0,1
"2025-05-15",12626,3831.290310000005,1,4,5,15,3,0,,422.1500,0,1
"2025-05-16",13263,3845.7726420000004,1,5,5,16,3,0,,719.6100,0,1
"2025-05-17",2153,3809.5895280000072,0,6,5,17,3,0,,30533.3000,0,0
"2025-05-18",592,4085.8423730000086,0,7,5,18,3,0,,11000.4000,0,0
"2025-05-19",8538,4197.154393000002,1,1,5,19,3,0,,104036.4200,0,0
"2025-05-20",7818,3932.0162010000067,1,2,5,20,3,0,,107907.6100,0,0
"2025-05-21",8555,3697.5222770000096,1,3,5,21,3,0,,101677.3800,0,0
"2025-05-22",7886,3775.9128840000044,1,4,5,22,4,0,,90044.1384,0,0
"2025-05-23",7250,3748.9858020000015,1,5,5,23,4,0,,73217.5900,0,0
"2025-05-24",2538,3872.7612030000028,0,6,5,24,4,0,,29025.1300,0,0
"2025-05-25",540,3757.887283000007,0,7,5,25,4,0,,8034.0000,0,0
"2025-05-26",9434,4278.438246000006,1,1,5,26,4,0,,93363.8400,0,1
"2025-05-27",8510,3909.7609520000055,1,2,5,27,4,0,,82199.4700,0,1
"2025-05-28",8337,3463.1678170000073,1,3,5,28,4,0,,74297.8500,0,1
"2025-05-29",8239,3385.611254000005,1,4,5,29,5,0,,62434.0700,0,1
"2025-05-30",8456,3384.885007000003,1,5,5,30,5,0,,49931.2500,0,1
"2025-05-31",4720,3507.664666000005,0,6,5,31,5,0,,27891.0967,0,0
"2025-06-01",571,401.8930749999993,0,7,6,1,1,0,,8373.9000,0,0
"2025-06-02",8510,4251.184821000002,1,1,6,2,1,0,,94447.1400,0,0
"2025-06-03",7965,4514.579629000008,1,2,6,3,1,0,,105104.6400,0,0
"2025-06-04",8643,4392.024913000006,1,3,6,4,1,0,,108342.8900,0,0
"2025-06-05",8556,3950.6527220000053,1,4,6,5,1,0,,98760.1800,0,0
"2025-06-06",8538,3967.9980300000097,1,5,6,6,1,0,,91911.8700,0,0
"2025-06-07",3060,4209.392926000006,0,6,6,7,1,0,,45204.9000,0,0
"2025-06-08",201,4201.578444000005,0,7,6,8,2,0,,2935.5000,0,0
"2025-06-09",10265,4371.894861000006,1,1,6,9,2,0,,109985.6500,0,0
"2025-06-10",9223,4008.3430500000077,1,2,6,10,2,0,,111176.4500,0,0
"2025-06-11",8521,3756.0149480000036,1,3,6,11,2,0,,96700.0571,0,0
"2025-06-12",6674,3882.387594000004,1,4,6,12,2,0,,74525.0900,0,0
"2025-06-13",5574,3809.474623000002,1,5,6,13,2,0,,58219.8000,0,0
"2025-06-14",2042,4306.735801,0,6,6,14,2,0,,25988.4550,0,0
"2025-06-15",505,4143.874717999997,0,7,6,15,3,0,,6889.8000,0,0
"2025-06-16",16680,4299.979667000002,1,1,6,16,3,0,,1082.3633,0,1
"2025-06-17",12871,4238.2618090000005,1,2,6,17,3,0,,1205.6300,0,1
"2025-06-18",11395,3736.4032640000014,1,3,6,18,3,0,,917.1100,0,1
"2025-06-19",3173,3740.080187,0,4,6,19,3,1,Corpus Christi,309.0000,0,1
"2025-06-20",9970,3944.3363940000013,1,5,6,20,3,0,,731.2300,0,1
"2025-06-21",4189,4304.161418000003,0,6,6,21,3,0,,175.0300,0,1
"2025-06-22",1002,3956.789482000005,0,7,6,22,4,0,,0.0000,0,1
"2025-06-23",12724,4442.366239000001,1,1,6,23,4,0,,854.3500,0,1
"2025-06-24",7348,4198.984313000008,1,2,6,24,4,0,,16803.9400,0,1
"2025-06-25",9443,3797.4769749999987,1,3,6,25,4,0,,17990.5400,0,1
"2025-06-26",9576,3779.0675889999998,1,4,6,26,4,0,,14642.0600,0,1
"2025-06-27",9325,3553.002380000001,1,5,6,27,4,0,,11724.1200,0,1
"2025-06-28",4107,3806.4880329999983,0,6,6,28,4,0,,4197.0800,0,1
"2025-06-29",1674,3653.6951179999987,0,7,6,29,5,0,,587.1000,0,1
"2025-06-30",15210,4100.678385000003,1,1,6,30,5,0,,22907.3150,0,1
"2025-07-01",5810,3881.6976770000015,1,2,7,1,1,0,,83804.6850,0,0
"2025-07-02",6605,3647.4912659999995,1,3,7,2,1,0,,84055.8300,0,0
"2025-07-03",6461,3685.2100880000044,1,4,7,3,1,0,,80324.6900,0,0
"2025-07-04",6899,3594.3520640000056,1,5,7,4,1,0,,75860.7200,0,0
"2025-07-05",2218,3797.7428030000015,0,6,7,5,1,0,,30256.1800,0,0
"2025-07-06",528,3740.571541999999,0,7,7,6,1,0,,8497.5000,0,0
"2025-07-07",9367,4121.289884000004,1,1,7,7,1,0,,123740.9200,0,0
"2025-07-08",8324,3907.9012570000045,1,2,7,8,2,0,,106053.5900,0,0
"2025-07-09",6437,3682.606262000002,1,3,7,9,2,0,,78672.0100,0,0
"2025-07-10",8722,3954.0309030000058,1,4,7,10,2,0,,107533.0800,0,0
"2025-07-11",8396,3652.9348699999996,1,5,7,11,2,0,,84768.9100,0,0
"2025-07-12",2546,3610.078860000004,0,6,7,12,2,0,,32327.8850,0,0
"2025-07-13",579,3774.386559000007,0,7,7,13,2,0,,8806.5000,0,0
"2025-07-14",9753,3987.2738050000034,1,1,7,14,2,0,,115039.7400,0,0
"2025-07-15",8828,3907.093600000004,1,2,7,15,3,0,,96741.7000,0,0
"2025-07-16",8057,3488.344280000002,1,3,7,16,3,0,,84287.9350,0,0
"2025-07-17",8052,3664.3181500000005,1,4,7,17,3,0,,74633.7200,0,0
"2025-07-18",8252,3683.001470000005,1,5,7,18,3,0,,56199.6700,0,0
"2025-07-19",2596,3620.689477000001,0,6,7,19,3,0,,24967.2000,0,0
"2025-07-20",453,3626.0929000000024,0,7,7,20,3,0,,7230.6000,0,0
"2025-07-21",9322,4377.049232000003,1,1,7,21,3,0,,105056.5200,0,0
"2025-07-22",8420,4167.037746000004,1,2,7,22,4,0,,88403.7300,0,0
"2025-07-23",8529,3509.792186000002,1,3,7,23,4,0,,85011.5800,0,0
"2025-07-24",7955,3582.812876999999,1,4,7,24,4,0,,74668.8500,0,0
"2025-07-25",7344,3569.183853000003,1,5,7,25,4,0,,58648.3000,0,0
"2025-07-26",2511,3789.6836040000017,0,6,7,26,4,0,,25799.7000,0,0
"2025-07-27",507,3673.9710590000004,0,7,7,27,4,0,,7879.5000,0,0
"2025-07-28",9647,4098.204829000002,1,1,7,28,4,0,,85128.6800,0,0
"2025-07-29",9279,3538.6724470000054,1,2,7,29,5,0,,64352.6500,0,0
"2025-07-30",9614,3233.600705,1,3,7,30,5,0,,58020.8700,0,0
"2025-07-31",11468,3107.7183180000025,1,4,7,31,5,0,,56480.1200,0,0
"2025-08-01",6470,3514.5806880000023,1,5,8,1,1,0,,65481.6900,1,0
"2025-08-02",2310,3641.4123910000003,0,6,8,2,1,0,,23489.1000,1,0
"2025-08-03",723,3739.1543800000018,0,7,8,3,1,0,,3646.2000,1,0
"2025-08-04",10104,4206.491370000002,1,1,8,4,1,0,,106026.6100,1,0
"2025-08-05",9737,3982.7931970000013,1,2,8,5,1,0,,98209.6200,1,0
"2025-08-06",10322,3714.8193010000036,1,3,8,6,1,0,,101252.2400,1,0
"2025-08-07",10073,3781.16055600001,1,4,8,7,1,0,,97954.1400,1,0
"2025-08-08",8579,3842.596219000006,1,5,8,8,2,0,,74369.5200,1,0
"2025-08-09",4596,3632.2846380000024,0,6,8,9,2,0,,68986.2400,0,1
"2025-08-10",1198,3762.6954570000025,0,7,8,10,2,0,,9517.2000,0,1
"2025-08-11",17581,4827.311291000009,1,1,8,11,2,0,,266895.9800,0,1
"2025-08-12",16456,4181.997111999995,1,2,8,12,2,0,,252458.7800,0,1
"2025-08-13",13467,3750.3617520000053,1,3,8,13,2,0,,192120.8200,0,1
"2025-08-14",13213,3709.4658710000026,1,4,8,14,2,0,,177862.7200,0,1
"2025-08-15",10739,3632.1976790000003,1,5,8,15,3,0,,143550.5700,0,1
"2025-08-16",3864,3745.676366000001,0,6,8,16,3,0,,54967.2200,0,1
"2025-08-17",1169,3725.919944999998,0,7,8,17,3,0,,12020.1000,0,1
"2025-08-18",14019,4216.929416000002,1,1,8,18,3,0,,200977.9000,0,1
"2025-08-19",12836,4083.4822880000006,1,2,8,19,3,0,,182314.7800,0,1
"2025-08-20",12625,3578.682181,1,3,8,20,3,0,,181164.4600,0,1
"2025-08-21",12249,3842.6174240000028,1,4,8,21,3,0,,171905.9300,0,1
"2025-08-22",12505,3582.934830000001,1,5,8,22,4,0,,164042.3400,0,1
"2025-08-23",5949,3732.9577240000017,0,6,8,23,4,0,,79605.7800,0,1
"2025-08-24",687,3864.3492380000007,0,7,8,24,4,0,,154.5000,1,0
"2025-08-25",10136,4040.1204440000006,1,1,8,25,4,0,,88208.0200,1,0
"2025-08-26",9427,3770.492011000002,1,2,8,26,4,0,,76259.7000,1,0
"2025-08-27",9815,3677.2830799999983,1,3,8,27,4,0,,71041.1000,1,0
"2025-08-28",9668,3415.9943400000025,1,4,8,28,4,0,,62178.2100,1,0
"2025-08-29",10059,2406.879727999999,1,5,8,29,5,0,,51671.4000,1,0
"2025-08-30",8585,4536.249713000001,0,6,8,30,5,0,,23319.8400,1,0
"2025-08-31",3725,3891.6974100000048,0,7,8,31,5,0,,6071.5600,1,0
"2025-09-01",9476,4307.178521000004,1,1,9,1,1,0,,140964.3600,1,0
"2025-09-02",9397,4260.415265000004,1,2,9,2,1,0,,133062.9200,1,0
"2025-09-03",8206,3862.3410200000008,1,3,9,3,1,0,,140585.9800,0,0
"2025-09-04",7684,3624.206574999997,1,4,9,4,1,0,,131754.4500,0,0
"2025-09-05",7790,3655.5097509999996,1,5,9,5,1,0,,129970.9900,0,0
"2025-09-06",2910,3812.4704900000006,0,6,9,6,1,0,,50346.4200,0,0
"2025-09-07",851,3594.454382999998,0,7,9,7,1,1,Independência do Brasil,12792.6000,0,0
"2025-09-08",10375,4018.5811630000017,1,1,9,8,2,0,,181995.6300,0,0
"2025-09-09",9243,4278.152690999996,1,2,9,9,2,0,,163078.5900,0,0
"2025-09-10",9087,3756.243866999997,1,3,9,10,2,0,,153196.7400,0,0
"2025-09-11",9161,3930.424672999999,1,4,9,11,2,0,,141060.4200,0,0
"2025-09-12",7468,3603.0179480000006,1,5,9,12,2,0,,118265.2000,0,0
"2025-09-13",2804,3742.597863999999,0,6,9,13,2,0,,46348.3000,0,0
"2025-09-14",593,3669.721354000001,0,7,9,14,2,0,,10567.8000,0,0
"2025-09-15",7841,4544.695733999997,1,1,9,15,3,0,,134089.2700,0,0
"2025-09-16",7404,6634.297427999999,1,2,9,16,3,0,,124760.7600,0,0
"2025-09-17",8522,5723.2221279999985,1,3,9,17,3,0,,146756.2700,0,0
"2025-09-18",8088,5981.680022999999,1,4,9,18,3,0,,131302.9300,0,0
"2025-09-19",7215,5543.497348000001,1,5,9,19,3,0,,110805.2800,0,0
"2025-09-20",2474,5712.076508000002,0,6,9,20,3,0,,42533.0100,0,0
"2025-09-21",576,5859.694047000003,0,7,9,21,3,0,,10413.3000,0,0
"2025-09-22",8589,6120.189165999998,1,1,9,22,4,0,,141351.9633,0,0
"2025-09-23",8533,6037.736153,1,2,9,23,4,0,,133724.1033,0,0
"2025-09-24",8276,5799.544376999998,1,3,9,24,4,0,,121893.6100,0,0
"2025-09-25",7779,5862.576973000002,1,4,9,25,4,0,,106095.5267,0,1
"2025-09-26",7499,5645.102177999998,1,5,9,26,4,0,,89154.2700,0,1
"2025-09-27",3530,6602.297979000001,0,6,9,27,4,0,,34683.2000,0,1
"2025-09-28",700,6612.155675000003,0,7,9,28,4,0,,5778.3000,0,1
"2025-09-29",10151,8062.8279859999975,1,1,9,29,5,0,,110359.2800,0,1
"2025-09-30",11006,7159.214274,1,2,9,30,5,0,,104963.4500,0,1
"2025-10-01",15633,5963.1134040000015,1,3,10,1,1,0,,229584.9000,1,0
"2025-10-02",15617,6146.808876000001,1,4,10,2,1,0,,221943.1900,1,0
"2025-10-03",15794,6226.849309000002,1,5,10,3,1,0,,196133.8400,1,0
"2025-10-04",5924,6353.046667999998,0,6,10,4,1,0,,67150.7800,1,0
"2025-10-05",1858,6428.893042000009,0,7,10,5,1,0,,7725.0000,1,0
"2025-10-06",20782,6905.4149130000005,1,1,10,6,1,0,,289833.5150,1,0
"2025-10-07",18985,7161.480062000004,1,2,10,7,1,0,,261328.5500,1,0
"2025-10-08",20203,6988.359615000006,1,3,10,8,2,0,,243404.1300,1,0
"2025-10-09",17812,6267.459910999999,1,4,10,9,2,0,,219100.8300,1,0
"2025-10-10",15504,5460.716267000003,1,5,10,10,2,0,,173601.4800,1,0
"2025-10-11",6373,5464.297572999999,0,6,10,11,2,0,,62795.4000,1,0
"2025-10-12",1994,5527.016386000006,0,7,10,12,2,1,Nossa Senhora Aparecida,8034.0000,1,0
"2025-10-13",20433,6838.203760000012,1,1,10,13,2,0,,248927.9700,1,0
"2025-10-14",19624,7134.619316000002,1,2,10,14,2,0,,222547.4200,1,0
"2025-10-15",18578,6053.745238000003,1,3,10,15,3,0,,226070.9660,1,0
"2025-10-16",17545,5045.040998000006,1,4,10,16,3,0,,220884.9633,1,0
"2025-10-17",16285,5276.741887000004,1,5,10,17,3,0,,187465.0000,1,0
"2025-10-18",5672,5680.449786999998,0,6,10,18,3,0,,65145.4000,1,0
"2025-10-19",1846,5481.110230000001,0,7,10,19,3,0,,10258.8000,1,0
"2025-10-20",16869,6132.19884900001,1,1,10,20,3,0,,227006.1200,1,0
"2025-10-21",19481,5951.658244000001,1,2,10,21,3,0,,240883.8750,1,0
"2025-10-22",18234,6131.691349000008,1,3,10,22,4,0,,215854.6800,1,0
"2025-10-23",16962,6471.3087119999955,1,4,10,23,4,0,,199427.7600,1,0
"2025-10-24",14947,6529.152837999999,1,5,10,24,4,0,,171591.6800,1,0
"2025-10-25",5932,6401.965897,0,6,10,25,4,0,,66277.0100,1,0
"2025-10-26",1990,7426.600744000001,0,7,10,26,4,0,,9362.7000,1,0
"2025-10-27",21266,8039.113212000012,1,1,10,27,4,0,,232244.9400,1,0
"2025-10-28",19381,7590.845949000011,1,2,10,28,4,0,,193190.5050,1,0
"2025-10-29",18810,7083.352718,1,3,10,29,5,0,,191291.6700,1,0
"2025-10-30",18212,6297.811444000005,1,4,10,30,5,0,,170962.6800,1,0
"2025-10-31",20063,6479.761470000004,1,5,10,31,5,0,,173640.9600,1,0
"2025-11-01",1963,5834.064127000003,0,6,11,1,1,0,,35823.6600,0,0
"2025-11-02",587,6081.865575000005,0,7,11,2,1,1,Finados,9527.3600,0,0
"2025-11-03",8176,6331.046063999998,1,1,11,3,1,0,,130272.0200,0,0
"2025-11-04",7408,6121.773653000001,1,2,11,4,1,0,,122272.3000,0,0
"2025-11-05",7468,5459.129871000003,1,3,11,5,1,0,,122256.1400,0,0
"2025-11-06",7447,5574.700614000005,1,4,11,6,1,0,,121101.7600,0,0
"2025-11-07",6996,4741.090971999997,1,5,11,7,1,0,,102056.8700,0,1
"2025-11-08",2648,4790.439900000005,0,6,11,8,2,0,,36283.3600,0,1
"2025-11-09",479,4847.819712000003,0,7,11,9,2,0,,5623.8000,0,1
"2025-11-10",9066,4863.424267000003,1,1,11,10,2,0,,127794.0400,0,1
"2025-11-11",8600,5389.319581000003,1,2,11,11,2,0,,114056.8500,0,1
"2025-11-12",7849,5016.894368999995,1,3,11,12,2,0,,104936.5400,0,1
"2025-11-13",7296,4731.1719070000045,1,4,11,13,2,0,,95629.0700,0,1
"2025-11-14",6952,4676.374105000002,1,5,11,14,2,0,,81167.1800,0,1
"2025-11-15",1058,4951.179803000004,0,6,11,15,3,1,Proclamação da República,11129.0800,0,1
"2025-11-16",921,5044.798479999997,0,7,11,16,3,0,,6617.6800,0,1
"2025-11-17",8627,5372.4650569999985,1,1,11,17,3,0,,123201.2700,0,1
"2025-11-18",7787,5025.337896000003,1,2,11,18,3,0,,108631.9800,0,1
"2025-11-19",7615,3479.1827270000017,1,3,11,19,3,0,,96910.8800,0,1
"2025-11-20",1796,1370.1086010000004,0,4,11,20,3,1,Consciência Negra,21218.7100,0,1
"2025-11-21",7001,4706.780064999997,1,5,11,21,3,0,,87898.3900,0,1
"2025-11-22",2463,6024.244171000002,0,6,11,22,4,0,,31978.5100,0,1
"2025-11-23",904,5479.467443000007,0,7,11,23,4,0,,8426.4300,0,1
"2025-11-24",8969,5949.130526999999,1,1,11,24,4,0,,110320.6000,0,1
"2025-11-25",7962,5448.5738679999995,1,2,11,25,4,0,,101097.5400,0,1
"2025-11-26",8335,4883.455107000004,1,3,11,26,4,0,,89522.3700,0,1
"2025-11-27",7982,4807.295474999997,1,4,11,27,4,0,,84121.1300,0,1
"2025-11-28",8283,4558.139936999999,1,5,11,28,4,0,,84914.1600,0,1
"2025-11-29",3825,5174.2483839999995,0,6,11,29,5,0,,36916.0200,0,1
"2025-11-30",1237,4765.908280999999,0,7,11,30,5,0,,10820.4800,0,1
"2025-12-01",7463,2017.1735139999998,1,1,12,1,1,0,,121392.5500,0,0
"2025-12-02",6809,4801.523773000002,1,2,12,2,1,0,,104358.1400,0,0
"2025-12-03",6935,4399.238877,1,3,12,3,1,0,,103638.2000,0,0
"2025-12-04",6679,4383.596472000004,1,4,12,4,1,0,,90636.3900,1,0
"2025-12-05",7158,4205.689352999999,1,5,12,5,1,0,,81956.3000,1,0
"2025-12-06",3021,4476.100201000002,0,6,12,6,1,0,,31514.6900,1,0
"2025-12-07",706,4668.659895999999,0,7,12,7,1,0,,6964.8600,1,0
"2025-12-08",7322,5085.711241999998,1,1,12,8,2,0,,84448.0100,1,0
"2025-12-09",7864,4958.393128999999,1,2,12,9,2,0,,88504.4700,1,0
"2025-12-10",7201,4549.725791000001,1,3,12,10,2,0,,77443.7400,1,0
"2025-12-11",7049,4345.976154,1,4,12,11,2,0,,75229.7100,1,0
"2025-12-12",6294,4499.152819000003,1,5,12,12,2,0,,62302.5000,1,0
"2025-12-13",2146,4683.483643000002,0,6,12,13,2,0,,22329.7200,1,0
"2025-12-14",618,4798.191643000002,0,7,12,14,2,0,,6269.6100,1,0
"2025-12-15",7343,5151.577904000002,1,1,12,15,3,0,,81589.7300,1,0
"2025-12-16",6615,5167.6154209999995,1,2,12,16,3,0,,71083.3100,1,0
"2025-12-17",6357,4676.227774999997,1,3,12,17,3,0,,63390.7300,1,0
"2025-12-18",6024,4622.035939000004,1,4,12,18,3,0,,56933.3900,1,0
"2025-12-19",5517,4667.946506000003,1,5,12,19,3,0,,51502.1600,1,0
"2025-12-20",1883,4372.219471,0,6,12,20,3,0,,20591.7100,1,0
"2025-12-21",523,4479.475837999999,0,7,12,21,3,0,,4539.2100,1,0
"2025-12-22",5613,4903.537081,1,1,12,22,4,0,,56776.7100,1,0
"2025-12-23",4711,4553.774398000001,1,2,12,23,4,0,,37543.0300,1,0
"2025-12-24",909,3846.9654040000023,1,3,12,24,4,0,,6843.4200,1,0
"2025-12-25",342,3471.9407020000026,0,4,12,25,4,1,Natal,3738.9000,1,0
"2025-12-26",3568,5016.637094000003,1,5,12,26,4,0,,35095.9200,1,0
"2025-12-27",1820,4125.674657999999,0,6,12,27,4,0,,18522.5400,1,0
"2025-12-28",560,3759.0666110000016,0,7,12,28,4,0,,4953.2700,1,0
"2025-12-29",5961,4663.9485939999995,1,1,12,29,5,0,,54840.7800,1,0
"2025-12-30",4982,3752.6706030000014,1,2,12,30,5,0,,39562.8500,1,0
"2025-12-31",1185,3017.395054000003,1,3,12,31,5,0,,7711.3500,1,0
"2026-01-01",380,805.2167219999997,0,4,1,1,1,1,Confraternização Universal,3144.2400,1,0
"2026-01-02",3518,1124.2896870000002,1,5,1,2,1,0,,54516.7000,1,0
"2026-01-03",1946,781.3957639999998,0,6,1,3,1,0,,29618.2300,1,0
"2026-01-04",751,915.4280189999998,0,7,1,4,1,0,,7428.1600,1,0
"2026-01-05",9757,2411.3141999999984,1,1,1,5,1,0,,152913.0900,1,0
"2026-01-06",9022,4820.144072000002,1,2,1,6,1,0,,142381.0700,1,0
"2026-01-07",9214,4734.480749,1,3,1,7,1,0,,139259.2800,1,0
"2026-01-08",9273,5314.050010000005,1,4,1,8,2,0,,134621.2000,1,0
"2026-01-09",7787,4547.508072999999,1,5,1,9,2,0,,113895.7500,1,0
"2026-01-10",2706,4442.315955999999,0,6,1,10,2,0,,41471.6400,1,0
"2026-01-11",757,4281.213325,0,7,1,11,2,0,,8484.1500,1,0
"2026-01-12",11266,5517.948243000005,1,1,1,12,2,0,,141986.6700,1,0
"2026-01-13",8948,5227.414919999997,1,2,1,13,2,0,,124498.7300,1,0
"2026-01-14",8623,4772.759822999997,1,3,1,14,2,0,,116006.5700,1,0
"2026-01-15",8494,4581.884013000004,1,4,1,15,3,0,,112081.9400,1,0
"2026-01-16",7319,4457.0800340000005,1,5,1,16,3,0,,94165.4900,1,0
"2026-01-17",2629,4830.738967999994,0,6,1,17,3,0,,35397.8700,1,0
"2026-01-18",728,4537.795530000002,0,7,1,18,3,0,,8406.7800,1,0
"2026-01-19",10330,5614.793915000005,1,1,1,19,3,0,,125078.5200,1,0
"2026-01-20",8358,5474.586024,1,2,1,20,3,0,,111619.0500,1,0
"2026-01-21",8936,4641.131672999999,1,3,1,21,3,0,,110666.3100,1,0
"2026-01-22",7957,4617.902877000005,1,4,1,22,4,0,,100485.2600,1,0
"2026-01-23",7635,4447.322862000002,1,5,1,23,4,0,,80757.3400,1,0
"2026-01-24",2763,4528.564929999999,0,6,1,24,4,0,,32938.9000,1,0
"2026-01-25",731,4431.529889000002,0,7,1,25,4,0,,7935.8400,1,0
"2026-01-26",10788,5852.713690000005,1,1,1,26,4,0,,109454.3400,1,0
"2026-01-27",6188,5168.808209000001,1,2,1,27,4,0,,82260.8500,1,0
"2026-01-28",10237,4186.865026000003,1,3,1,28,4,0,,100732.9800,1,0
"2026-01-29",8439,4301.411545000001,1,4,1,29,5,0,,85341.1700,1,0
"2026-01-30",9391,4675.617359000001,1,5,1,30,5,0,,77703.7000,1,0
"2026-01-31",4172,3608.8333249999996,0,6,1,31,5,0,,35738.1600,1,0
"2026-02-01",631,1465.4224729999999,0,7,2,1,1,0,,6259.1600,1,0
"2026-02-02",8140,1602.4398239999998,1,1,2,2,1,0,,115436.7100,1,0
"2026-02-03",7975,1806.9351359999991,1,2,2,3,1,0,,110888.9000,1,0
"2026-02-04",8465,3292.7518339999997,1,3,2,4,1,0,,110419.2100,1,0
"2026-02-05",8027,4301.484519999999,1,4,2,5,1,0,,102442.6400,1,0
"2026-02-06",8142,4565.553838000003,1,5,2,6,1,0,,104071.5400,1,0
"2026-02-07",2850,4535.525982000003,0,6,2,7,1,0,,40005.3800,1,0
"2026-02-08",796,3989.500636000001,0,7,2,8,2,0,,8390.0800,1,0
"2026-02-09",10788,5722.485962000004,1,1,2,9,2,0,,129430.3800,1,0
"2026-02-10",8631,5550.372466999998,1,2,2,10,2,0,,110277.9400,1,0
"2026-02-11",8580,4582.662525,1,3,2,11,2,0,,102879.8800,1,0
"2026-02-12",7637,4801.099952,1,4,2,12,2,0,,91181.7800,1,0
"2026-02-13",7114,4690.837836999998,1,5,2,13,2,0,,74065.3400,1,0
"2026-02-14",2174,5164.916163000001,0,6,2,14,2,0,,25626.4000,1,0
"2026-02-15",609,4296.969103000002,0,7,2,15,3,0,,6170.0800,1,0
"2026-02-16",2736,6053.5276680000015,1,1,2,16,3,0,,32834.3600,1,0
"2026-02-17",1470,6019.994597000003,1,2,2,17,3,0,,17054.0400,1,0
"2026-02-18",6160,5996.298955000005,1,3,2,18,3,0,,76036.8700,1,0
"2026-02-19",8123,6167.371932000002,1,4,2,19,3,0,,101163.9700,1,0
"2026-02-20",7835,6062.256491000004,1,5,2,20,3,0,,93927.1700,1,0
"2026-02-21",3136,5576.391299000008,0,6,2,21,3,0,,37492.1500,1,0
"2026-02-22",793,5553.634407000002,0,7,2,22,4,0,,8797.5600,1,0
"2026-02-23",10651,6603.756869000003,1,1,2,23,4,0,,117512.6100,1,0
"2026-02-24",9070,5926.141990000003,1,2,2,24,4,0,,103543.3000,1,0
"2026-02-25",9151,5389.586315000006,1,3,2,25,4,0,,97122.6000,1,0
"2026-02-26",8559,5176.087991000003,1,4,2,26,4,0,,84215.4400,1,0
"2026-02-27",9559,5346.809744000002,1,5,2,27,4,0,,77387.2300,1,0
"2026-02-28",4675,3665.9566410000043,0,6,2,28,4,0,,35856.7600,1,0
"2026-03-01",422,2388.7759499999993,0,7,3,1,1,0,,7515.0000,0,0
"2026-03-02",8114,4692.731665000004,1,1,3,2,1,0,,149246.7400,0,0
"2026-03-03",7797,5802.426331000008,1,2,3,3,1,0,,137852.0600,0,0
"2026-03-04",8305,4981.602994999999,1,3,3,4,1,0,,137211.1300,0,0
"2026-03-05",7417,4366.352885,1,4,3,5,1,0,,131164.3700,0,0
"2026-03-06",7377,4379.829570000003,1,5,3,6,1,0,,118225.7000,0,0
"2026-03-07",2558,4815.999039000001,0,6,3,7,1,0,,49518.7000,0,0
"2026-03-08",540,4840.319832000006,0,7,3,8,2,0,,13767.4800,0,0
"2026-03-09",9853,4972.358115999999,1,1,3,9,2,0,,164686.7300,0,0
"2026-03-10",8753,5864.595419000006,1,2,3,10,2,0,,151622.1100,0,0
"2026-03-11",8357,4911.490599000003,1,3,3,11,2,0,,138833.7200,0,0
"2026-03-12",7711,5201.679101999998,1,4,3,12,2,0,,128555.5700,0,0
"2026-03-13",7165,4264.511714000003,1,5,3,13,2,0,,109487.9700,0,0
"2026-03-14",2448,5451.866495000008,0,6,3,14,2,0,,43998.0700,0,0
"2026-03-15",534,4758.948230000005,0,7,3,15,3,0,,12478.7900,0,0
"2026-03-16",9211,967.432678,1,1,3,16,3,0,,150486.8600,0,0
"2026-03-17",8974,5447.935915000003,1,2,3,17,3,0,,130663.4100,0,0
"2026-03-18",8404,5117.838789000006,1,3,3,18,3,0,,129366.5300,0,0
"2026-03-19",7372,4587.030120000002,1,4,3,19,3,0,,111613.2900,0,0
"2026-03-20",7457,5078.859632000005,1,5,3,20,3,0,,106026.4400,0,0
"2026-03-21",2388,5182.054863000003,0,6,3,21,3,0,,42676.7500,0,0
"2026-03-22",514,4774.871714999998,0,7,3,22,4,0,,13126.2000,0,0
"2026-03-23",9821,6252.82647500001,1,1,3,23,4,0,,141135.1000,0,0
"2026-03-24",8008,5540.415376999999,1,2,3,24,4,0,,123843.0300,0,0
"2026-03-25",8163,5149.105059000004,1,3,3,25,4,0,,116094.1900,0,0
"2026-03-26",7885,5078.498983000008,1,4,3,26,4,0,,114190.7500,0,0
"2026-03-27",7588,5329.971604,1,5,3,27,4,0,,101893.3300,0,0
"2026-03-28",2754,5284.678614,0,6,3,28,4,0,,41666.3000,0,0
"2026-03-29",533,5330.9521579999955,0,7,3,29,5,0,,12499.1800,0,0
"2026-03-30",9633,5418.267067000001,1,1,3,30,5,0,,126112.6500,0,0
"2026-03-31",10457,4350.041281000003,1,2,3,31,5,0,,116752.1600,0,0
"2026-04-01",6346,4288.842797000001,1,3,4,1,1,0,,101688.7600,0,0
"2026-04-02",5611,4832.090757000004,1,4,4,2,1,0,,86188.3800,0,0
"2026-04-03",560,4487.5399190000035,0,5,4,3,1,1,Sexta-feira da Paixão,13226.4000,0,0
"2026-04-04",1294,9167.34145500001,0,6,4,4,1,0,,27202.0600,0,0
"2026-04-05",499,4887.706508,0,7,4,5,1,0,,12959.2000,0,0
"2026-04-06",9270,5978.817182000003,1,1,4,6,1,0,,159865.2800,0,0
"2026-04-07",9375,5518.942020000002,1,2,4,7,1,0,,159303.4400,0,0
"2026-04-08",9342,5369.747345999999,1,3,4,8,2,0,,156411.6800,0,0
"2026-04-09",8952,5261.787450000007,1,4,4,9,2,0,,146408.7600,0,0
"2026-04-10",7933,5170.807643000003,1,5,4,10,2,0,,125477.5500,0,0
"2026-04-11",2638,1247.72198,0,6,4,11,2,0,,48497.5000,0,0
"2026-04-12",551,5001.014084999999,0,7,4,12,2,0,,13894.4000,0,0
"2026-04-13",9900,7300.790893999997,1,1,4,13,2,0,,157803.0300,0,0
"2026-04-14",8766,6612.044617000006,1,2,4,14,2,0,,141798.3500,0,0
"2026-04-15",8724,5858.924699999997,1,3,4,15,3,0,,136690.6200,0,0
"2026-04-16",7248,5358.502967999999,1,4,4,16,3,0,,110485.1900,0,0
"2026-04-17",6418,5149.599637000005,1,5,4,17,3,0,,109082.6700,0,0
"2026-04-18",1819,5220.7362870000015,0,6,4,18,3,0,,36568.5200,0,0
"2026-04-19",502,5099.075823000005,0,7,4,19,3,0,,13193.0000,0,0
"2026-04-20",4497,11090.275088000006,1,1,4,20,3,0,,88932.4900,0,0
"2026-04-21",762,11160.258190999995,0,2,4,21,3,1,Tiradentes,17375.2300,0,0
"2026-04-22",67590,8459.502616000005,1,3,4,22,4,0,,69.5500,0,0
"2026-04-23",9480,8067.863634,1,4,4,23,4,0,,152483.7000,0,0
"2026-04-24",10277,7055.0769670000045,1,5,4,24,4,0,,150699.0600,0,0
"2026-04-25",3397,7817.360221999998,0,6,4,25,4,0,,57825.1600,0,0
"2026-04-26",804,8426.125100000005,0,7,4,26,4,0,,19004.6000,0,0
"2026-04-27",12836,8967.309705000001,1,1,4,27,4,0,,190209.7700,0,0
"2026-04-28",11770,14918.351581999992,1,2,4,28,4,0,,176758.3300,0,0
"2026-04-29",12398,11235.922337000007,1,3,4,29,5,0,,170868.9400,0,0
"2026-04-30",14340,5587.4979619999995,1,4,4,30,5,0,,184919.3400,0,0
"2026-05-01",581,2458.7640740000015,0,5,5,1,1,1,Dia do Trabalho,13901.6300,0,0
"2026-05-02",1291,2316.967980000001,0,6,5,2,1,0,,27101.8600,0,0
"2026-05-03",396,2813.43101,0,7,5,3,1,0,,9452.2000,0,0
"2026-05-04",7920,3163.0656600000016,1,1,5,4,1,0,,139441.3800,0,0
"2026-05-05",8020,7216.734295999998,1,2,5,5,1,0,,137522.6600,0,0
"2026-05-06",8185,8251.152364000003,1,3,5,6,1,0,,132033.8500,0,0
